Product Name,Category,Sales Amount,Month,Quantity,Unit Price
Ammonium Bicarbonate,Chemicals,1200000.00,1,50000,24.00
Ammonium Chloride 99% Technical Grade,Chemicals,600000.00,2,12000,50.00
Potassium Carbonate,Chemicals,150000000.00,3,1200000,125.00
Super F Humate Shiny Flakes,Organic,45000000.00,4,700000,64.29
Sodium Lignosulphonate,Chemicals,2200000.00,5,55000,40.00
Ammonium Chloride-China Technical Grade,Chemicals,35000000.00,6,800000,43.75
Potassium Bicarbonate 99%Min.Techn.Grade,Chemicals,15000000.00,7,125000,120.00
Super Potassium F Humate Shiny Flakes,Organic,11000000.00,8,100000,110.00
Phosphoric Acid,Chemicals,2200000.00,9,13000,169.23
S.L.S. Powder,Chemicals,2800000.00,10,65000,43.08
Sodium Xylene Sulphonate,Chemicals,85000.00,11,600,141.67
Super Absorbent Polymer Potassium Based,Chemicals,1700000.00,12,4500,377.78
